Year,Make,Model
2010,honda,Accord
2010,honda,Civic
2010,honda,Pilot
2010,honda,CR-V
2010,honda,Ridgeline
2010,honda,Element
2010,honda,Odyssey
2010,honda,Insight
2010,honda,FCX Clarity
2010,honda,Fit
2010,honda,GOLDWING
2010,honda,NPS50 (Ruckus)
2010,honda,ST1300PA
2010,honda,ST1300
2010,honda,VFR1200F
2010,honda,NT700V
2010,honda,SH150I
2010,honda,Pacific Coast
2010,honda,VFR 750F
2010,honda,Hawk GT
2010,honda,CB-1
2010,honda,ELITE 250
2010,honda,Tourist Trophy
2010,honda,NS50F
2010,honda,NX250
2010,honda,NX125
2010,honda,SA50
2010,honda,SB50P
2010,honda,VFR750R (RC30)
2010,honda,VTR
2010,honda,XL600V
2010,honda,VT1100C
2010,honda,TRX450ER
2010,honda,CRF70F
2010,honda,CRF100F
2010,honda,CR250
2010,honda,CR125
2010,honda,XR250R
2010,honda,MUV700 (Big Red)
2010,honda,XR600R
2010,honda,VT1300 (Stateline)
2010,honda,TRX420 (FourTrax Rancher)
2010,honda,TRX420
2010,honda,TRX500 (FourTrax Foreman)
2010,honda,TRX680 (Rincon)
2010,honda,NCH50 (GIORNO)
2010,honda,CBR500
2010,honda,VFR800F
2010,honda,VFR800F (INTERCEPTOR)
2010,honda,ST1300A
2010,honda,VT1300 (Sabre)
2010,honda,CBR1000
2010,honda,VFR1200FA
2010,honda,VFR1200FD/VFR1200F
2010,honda,CRF80F
2010,honda,CBF1000A
2010,honda,VT750 (Shadow Aero)
2010,honda,CBF600SA
2010,honda,VFR1200FAD
2010,honda,NT700VA/NT700V
2010,honda,VT1300 (Fury)
2010,honda,VT750 (Shadow Phantom)
2010,honda,VT750
2010,honda,VT750 (Shadow)
2010,honda,VT1300
2010,honda,FSC600 (Silver Wing)
2010,honda,NHX110 (ELITE 110)
2010,honda,SH150D/SH150i
2010,honda,VT1300 (Interstate)
2010,honda,TRX500
2010,honda,TRX500 (FourTrax)
2010,honda,VT750 (Shadow Spirit 750)
2010,honda,CH80 (Elite)
2010,honda,CR80
2010,honda,XR80R
2010,honda,CR500R
2010,honda,Z50R
2010,honda,PC800 (PACIFIC COAST)
2010,honda,CBR600
2010,honda,CB125
2010,honda,GL1800
2010,honda,Accord Crosstour
2010,honda,TRX500 (FourTrax Foreman Rubicon)
2010,honda,TRX420 (Rancher)
2010,honda,TRX500 (Foreman)
2010,honda,TRX500 (Foreman Rubicon)
2010,honda,TRX500 (Rubicon)
2010,honda,CRF230L
2010,honda,CRF230M
2010,honda,CRF230F
2010,honda,CRF250R
2010,honda,CRF250X
2010,honda,CRF50F
2010,honda,CRF450R
2010,honda,CRF450X
2010,honda,XR650L
2010,toyota,Scion tC
2010,toyota,Corolla
2010,toyota,Prius
2010,toyota,Scion xB
2010,toyota,Land Cruiser
2010,toyota,Highlander
2010,toyota,4-Runner
2010,toyota,RAV4
2010,toyota,Tacoma
2010,toyota,FJ Cruiser
2010,toyota,Yaris
2010,toyota,Avalon
2010,toyota,Corolla Matrix
2010,toyota,Tundra
2010,toyota,Sienna
2010,toyota,Camry
2010,toyota,Sequoia
2010,toyota,Scion xD
2010,toyota,Venza
2010,toyota,FCHV-adv
2010,toyota,Celica
2010,toyota,Paseo
2010,volkswagen,Routan
2010,volkswagen,Golf
2010,volkswagen,Passat
2010,volkswagen,Touareg
2010,volkswagen,Jetta
2010,volkswagen,GTI
2010,volkswagen,Eos
2010,volkswagen,Beetle
2010,volkswagen,Tiguan
2010,volkswagen,Jetta SportWagen
2010,ford,Affordable Aluminum
2010,ford,Travel Park
2010,ford,BRADFORD BUILT
2010,ford,CRANFORD RADIATOR INC.
2010,ford,Crown Victoria
2010,ford,Focus
2010,ford,Fusion
2010,ford,Mustang
2010,ford,Taurus
2010,ford,E-150
2010,ford,E-150
2010,ford,E-150
2010,ford,Edge
2010,ford,Escape
2010,ford,Expedition
2010,ford,Expedition
2010,ford,Explorer
2010,ford,F-150
2010,ford,Flex
2010,ford,Ranger
2010,ford,Explorer Sport Trac
2010,ford,F-250
2010,ford,F-250
2010,ford,F-350
2010,ford,F-350
2010,ford,F-450
2010,ford,F-450
2010,ford,F-550
2010,ford,F-550
2010,ford,F-650
2010,ford,F-750
2010,ford,Transit Connect
2010,ford,E-250
2010,ford,E-250
2010,ford,E-250
2010,ford,E-350
2010,ford,E-350
2010,ford,E-350
2010,ford,E-350
2010,ford,E-450
2010,ford,E-450
2010,ford,E-450
2010,ford,Motorhome Chassis
2010,ford,'34
2010,ford,Medford Steel
2010,ford,Milford Pipe & Supply
2010,ford,Milford Welding & Manufacturing Inc.
2010,ford,Stafford's Trailers
2010,ford,Swinford Mfg
2010,ford,"Waterford Tank and Fabrication, LTD"
2010,chevrolet,Aveo
2010,chevrolet,Camaro
2010,chevrolet,Corvette
2010,chevrolet,Cruze
2010,chevrolet,Impala
2010,chevrolet,Malibu
2010,chevrolet,Captiva Sport
2010,chevrolet,Captiva Sport
2010,chevrolet,Equinox
2010,chevrolet,Equinox
2010,chevrolet,Express
2010,chevrolet,Express
2010,chevrolet,Express
2010,chevrolet,Express
2010,chevrolet,Orlando
2010,chevrolet,Silverado
2010,chevrolet,Silverado
2010,chevrolet,Suburban
2010,chevrolet,Suburban
2010,chevrolet,Tahoe
2010,chevrolet,Tahoe
2010,chevrolet,Traverse
2010,chevrolet,Traverse
2010,chevrolet,Geo Prizm
2010,chevrolet,Avalanche
2010,chevrolet,Avalanche
2010,chevrolet,Colorado
2010,chevrolet,Colorado
2010,chevrolet,Cobalt
2010,chevrolet,HHR
2010,chevrolet,HHR
2010,chevrolet,HHR
2010,chevrolet,W4
2010,chevrolet,W5
2010,chevrolet,W7
2010,chevrolet,W3500/W4500
2010,chevrolet,W5500/W5500 HD
2010,bmw,128i
2010,bmw,135i
2010,bmw,328i
2010,bmw,M3
2010,bmw,335i
2010,bmw,335d
2010,bmw,X6
2010,bmw,528i
2010,bmw,535i
2010,bmw,X5
2010,bmw,550i
2010,bmw,X3
2010,bmw,750i
2010,bmw,750Li
2010,bmw,760Li
2010,bmw,Z4
2010,bmw,750xi
2010,bmw,750Lxi
2010,bmw,M6
2010,bmw,650i
2010,bmw,G 450 X
2010,bmw,F 800 S
2010,bmw,F 800 ST
2010,bmw,F 800 GS
2010,bmw,F 800 R
2010,bmw,HP2
2010,bmw,S 1000 RR
2010,bmw,R 1200 GS
2010,bmw,R 1200 R
2010,bmw,R 1200 RT
2010,bmw,K 1300 S
2010,bmw,K 1300 GT
2010,bmw,K 1300 R
2010,bmw,F 650 GS
2010,bmw,G 650 GS
2010,bmw,R 900 RT
2010,bmw,K 1600 GT
2010,bmw,K 1600 GTL
2010,bmw,F 700 GS
2010,bmw,F 800 GT
2010,bmw,C 600
2010,bmw,C 650 GT
2010,bmw,HP4
2010,bmw,S 1000 R
2010,bmw,R nineT
2010,bmw,M5
2010,audi,TT
2010,audi,A4
2010,audi,S4
2010,audi,A6
2010,audi,A8
2010,audi,A3
2010,audi,S6
2010,audi,Q7
2010,audi,A5
2010,audi,S5
2010,audi,R8
2010,audi,TTS
2010,audi,Q5
2010,mercedes-benz,Sprinter
2010,mercedes-benz,Sprinter
2010,mercedes-benz,Sprinter
2010,mercedes-benz,Sprinter
2010,mercedes-benz,SLK-Class
2010,mercedes-benz,E-Class
2010,mercedes-benz,CLS-Class
2010,mercedes-benz,C-Class
2010,mercedes-benz,S-Class
2010,mercedes-benz,M-Class
2010,mercedes-benz,GL-Class
2010,mercedes-benz,G-Class
2010,mercedes-benz,GLK-Class
2010,mercedes-benz,CL-Class
2010,mercedes-benz,R-Class
2010,mercedes-benz,L1013
2010,mercedes-benz,L1113
2010,mercedes-benz,L1116
2010,mercedes-benz,L1316
2010,mercedes-benz,L1418
2010,mercedes-benz,L1117
2010,mercedes-benz,L1317
2010,mercedes-benz,L1419
2010,mercedes-benz,LP1419
2010,mercedes-benz,LPS1525
2010,mercedes-benz,LP1219
2010,mercedes-benz,L1319
2010,tesla,Roadster
2010,jaguar,XJ
2010,jaguar,XF
2010,jaguar,XK
2010,rolls-royce,Phantom
2010,rolls-royce,Ghost
2010,aston martin,V8 Vantage
2010,aston martin,DBS
2010,aston martin,DB9
2010,aston martin,Rapide
2010,maserati,Quattroporte
2010,maserati,Granturismo
2010,bugatti,Veyron
2010,bugatti,EB110
2010,mini,Carolina Trikes & Minis
2010,mini,Delta Waseca Mini
2010,mini,Dominion Motorcycle
2010,mini,GEMINI AUTO & TRAILER INC
2010,mini,Mobile Frac Storage Tank
2010,mini,"Los Lobos Mini Choppers, LLC"
2010,mini,Cooper
2010,mini,Clubman
2010,mini,Cooper Convertible
2010,mini,Hardtop
2010,mini,Pete
2010,mini,KW
2010,mini,FL
2010,mini,Mack
2010,mini,Miller
2010,mini,Santa Barbara
2010,mini,MiniKamp
2010,mini,MiniMixx
2010,mini,Minitears Company
2010,mini,Mobile Mini Inc.
2010,mini,ODB Trailer
2010,mini,"R.V. Mini Mart, Inc."
2010,mini,Pony
2010,lincoln,MKZ
2010,lincoln,Town Car
2010,lincoln,Town Car
2010,lincoln,MKS
2010,lincoln,MKT
2010,lincoln,MKX
2010,lincoln,Navigator
2010,mercury,Grand Marquis
2010,mercury,Milan
2010,mercury,Mariner
2010,mercury,Mountaineer
2010,lotus,Evora
2010,lotus,Elise
2010,lotus,Eleven
2010,lotus,Exige
2010,buick,LaCrosse
2010,buick,Enclave
2010,buick,Lucerne
2010,cadillac,CTS
2010,cadillac,Escalade
2010,cadillac,SRX
2010,cadillac,STS
2010,cadillac,DTS
2010,cadillac,Limousine
2010,cadillac,Limousine
2010,cadillac,Hearse
2010,cadillac,Hearse
2010,gmc,Acadia
2010,gmc,Savana
2010,gmc,Sierra
2010,gmc,Terrain
2010,gmc,Yukon
2010,gmc,Canyon
2010,gmc,Yukon XL
2010,gmc,W3500/W4500
2010,gmc,W5500/W5500 HD
2010,opel,Opel
2010,mazda,Tribute
2010,mazda,MX-5
2010,mazda,RX-8
2010,mazda,Mazda3
2010,mazda,Mazda5
2010,mazda,CX-7
2010,mazda,CX-9
2010,mazda,Mazda6
2010,mazda,B-Series
2010,dodge,Avenger
2010,dodge,Challenger
2010,dodge,Charger
2010,dodge,Caliber
2010,dodge,Viper
2010,dodge,Ram
2010,dodge,Ram
2010,dodge,Journey
2010,dodge,Nitro
2010,dodge,Dakota
2010,dodge,Dakota
2010,dodge,Ram Chassis Cab
2010,dodge,Ram Chassis Cab
2010,dodge,Grand Caravan
2010,dodge,580 Series
2010,dodge,480 Series
2010,dodge,Sprinter
2010,dodge,Sprinter
2010,dodge,Sprinter
2010,chrysler,Sebring
2010,chrysler,300
2010,chrysler,Town and Country
2010,chrysler,PT Cruiser
2010,chrysler,300C
2010,nissan,GT-R
2010,nissan,GT-R
2010,nissan,Versa
2010,nissan,Versa
2010,nissan,Altima
2010,nissan,Altima
2010,nissan,370Z
2010,nissan,370Z
2010,nissan,Sentra
2010,nissan,Sentra
2010,nissan,Pathfinder
2010,nissan,Rogue
2010,nissan,Murano
2010,nissan,Armada
2010,nissan,Xterra
2010,nissan,Frontier
2010,nissan,Titan
2010,nissan,Maxima
2010,nissan,Maxima
2010,nissan,Cube
2010,nissan,Cube
2010,infiniti,M35
2010,infiniti,M35
2010,infiniti,M45
2010,infiniti,M45
2010,infiniti,FX35
2010,infiniti,QX56
2010,infiniti,G37
2010,infiniti,G37
2010,infiniti,EX35
2010,infiniti,EX35
2010,infiniti,FX50
2010,mitsubishi,Raider
2010,mitsubishi,Raider
2010,mitsubishi,Outlander
2010,mitsubishi,Lancer
2010,mitsubishi,Galant
2010,mitsubishi,Eclipse
2010,mitsubishi,Endeavor
2010,mitsubishi,Diamante
2010,mitsubishi,Lancer SportBack
2010,mitsubishi,Lancer Evolution
2010,mitsubishi,FE83D
2010,mitsubishi,FE84D
2010,mitsubishi,FE85D
2010,mitsubishi,FE84DW
2010,mitsubishi,FG84D
2010,mitsubishi,FK61F
2010,mitsubishi,FM61F
2010,mitsubishi,FM64F
2010,mitsubishi,FM65F
2010,mitsubishi,FK62F
2010,mitsubishi,FK65F
2010,mitsubishi,FEC72S
2010,mitsubishi,FE639
2010,mitsubishi,FE639
2010,mitsubishi,FE649
2010,mitsubishi,FE649
2010,mitsubishi,FH211
2010,mitsubishi,FH211
2010,mitsubishi,FK617
2010,mitsubishi,FK617
2010,mitsubishi,FM617
2010,mitsubishi,FM617
2010,mitsubishi,FM657
2010,mitsubishi,FM657
2010,mitsubishi,FG639
2010,mitsubishi,FG639
2010,mitsubishi,FE640
2010,mitsubishi,FE640
2010,mitsubishi,FG649
2010,mitsubishi,FG649
2010,mitsubishi,FE640DW
2010,mitsubishi,FE640DW
2010,volvo,S80
2010,volvo,S80
2010,volvo,XC60
2010,volvo,XC60
2010,volvo,XC70
2010,volvo,XC70
2010,volvo,S40
2010,volvo,S40
2010,volvo,V50
2010,volvo,V50
2010,volvo,C70
2010,volvo,C70
2010,volvo,V70
2010,volvo,V70
2010,volvo,XC90
2010,volvo,XC90
2010,volvo,C30
2010,volvo,C30
2010,volvo,9700
2010,volvo,B10M
2010,volvo,Cab Over Engine HT
2010,volvo,Cab Over Engine HT
2010,volvo,Cab Over Engine LT
2010,volvo,Cab Over Engine LT
2010,volvo,F12 w/F7 Cab
2010,volvo,F12 w/F7 Cab
2010,volvo,F6 w/F7 Cab
2010,volvo,F6 w/F7 Cab
2010,volvo,Cab Behind Engine
2010,volvo,Cab Behind Engine
2010,volvo,Volvo Trailers
2010,volvo,VHD
2010,volvo,VHD
2010,volvo,VNM
2010,volvo,VNM
2010,volvo,VNL
2010,volvo,VNL
2010,volvo,VT
2010,volvo,VT
2010,volvo,FM10
2010,volvo,FM10
2010,volvo,WX
2010,volvo,WX
2010,volvo,WHL
2010,volvo,WHL
2010,volvo,WXLL
2010,volvo,WXLL
2010,volvo,WG
2010,volvo,WG
2010,volvo,WHR
2010,volvo,WHR
2010,volvo,WHLB
2010,volvo,WHLB
2010,volvo,WHEB
2010,volvo,WHEB
2010,volvo,WAH
2010,volvo,WAH
2010,volvo,ACL
2010,volvo,ACL
2010,volvo,WXLM
2010,volvo,WXLM
2010,volvo,WCA
2010,volvo,WCA
2010,volvo,WIA
2010,volvo,WIA
2010,volvo,CACL
2010,volvo,CACL
2010,volvo,FE
2010,volvo,FE
2010,volvo,CWG
2010,volvo,CWG
2010,volvo,NE64
2010,volvo,NE64
2010,volvo,NR64
2010,volvo,NR64
2010,volvo,VN
2010,volvo,VN
2010,volvo,NE42
2010,volvo,NE42
2010,volvo,WXR
2010,volvo,WXR
2010,hyundai,Santa Fe
2010,hyundai,Tucson
2010,hyundai,Genesis Coupe
2010,hyundai,Sonata
2010,hyundai,Elantra
2010,hyundai,Entourage
2010,hyundai,Azera
2010,hyundai,Veracruz
2010,hyundai,Accent
2010,hyundai,Genesis
2010,hyundai,Elantra Touring
2010,hyundai,"Hyundai Steel Industries, Inc."
2010,hyundai,Hyundai Translead Trailers
2010,lamborghini,Murcielago
2010,lamborghini,Gallardo
2010,smart,Fortwo
2010,smart,SMART MANUFACTURING
2010,smart,"SMART TRAILERS, INC."
2010,smart,SMART TRANSPORT SOLUTIONS
2010,smart,Street Smart Performance
2010,suzuki,DR200SE
2010,suzuki,GZ250
2010,suzuki,GSX-R600L
2010,suzuki,GSF650S
2010,suzuki,GSF650SA
2010,suzuki,SV650/SV650S/SV650SF
2010,suzuki,VS800
2010,suzuki,VZ800/VZ800Z
2010,suzuki,DL1000
2010,suzuki,GSF1250S
2010,suzuki,GSX1300R
2010,suzuki,VL1500 / VL1500T
2010,suzuki,LT-Z50/LT-Z50Z
2010,suzuki,LT-Z250/ LT-Z250Z
2010,suzuki,LT-F400F
2010,suzuki,LT-A400F/KING QUAD 400AS
2010,suzuki,LT-R450/LT-R450Z
2010,suzuki,LT-F500F
2010,suzuki,LT-A500F
2010,suzuki,LT-A700X
2010,suzuki,XL7
2010,suzuki,SX4
2010,suzuki,Equator
2010,suzuki,Kizashi
2010,suzuki,DR-Z70
2010,suzuki,DR-Z125L
2010,suzuki,DR-Z250
2010,suzuki,DR-Z400E
2010,suzuki,RM85
2010,suzuki,RM85L
2010,suzuki,LT-A400
2010,suzuki,LT-A450X
2010,suzuki,JR80
2010,suzuki,AN400
2010,suzuki,SV650A/SV650SA/SV650SAF
2010,suzuki,VLR1800/VLR1800T
2010,suzuki,GSX650F
2010,suzuki,GSF1250SA
2010,suzuki,GSX1300BK
2010,suzuki,GSX1300BKA
2010,suzuki,LT-A500XP
2010,suzuki,VL1500L/VL1500BL/VL1500TL/VL1500BTL
2010,suzuki,UH200L
2010,suzuki,TL1000R
2010,suzuki,DR350SE
2010,suzuki,LS650P
2010,suzuki,TL1000S
2010,suzuki,GSX-R1100W
2010,suzuki,GSX-R750L
2010,suzuki,GSX-R1000AL
2010,suzuki,GSX-S750ZL/GSX-S750L
2010,suzuki,DR-Z400SML
2010,suzuki,LT-A50
2010,suzuki,LT80
2010,suzuki,LT-F160
2010,suzuki,LT-F250F
2010,suzuki,LT-F300F
2010,suzuki,GSX600F
2010,suzuki,GSF600S
2010,suzuki,GSX750F
2010,suzuki,VS1400GLP
2010,suzuki,VL1500
2010,suzuki,JR50
2010,suzuki,DR-Z400
2010,suzuki,RM125
2010,suzuki,RM250
2010,suzuki,Grand Vitara
2010,suzuki,GS500E
2010,suzuki,GSF1200S
2010,suzuki,SV650
2010,suzuki,DL1000AL/DL1000AAL
2010,suzuki,GSX1300RAL/GSX1300RAZL
2010,suzuki,GW250L
2010,suzuki,DL650AL
2010,suzuki,DL650A
2010,suzuki,LT-A400F
2010,suzuki,LT-A400FU
2010,suzuki,LT-A500
2010,suzuki,LT-F250
2010,suzuki,LT-F400FU
2010,suzuki,LT-R450
2010,suzuki,LT-R450Z
2010,suzuki,LT-Z400/LT-Z400Z
2010,suzuki,LT-Z90
2010,suzuki,RM-Z250
2010,suzuki,RM-Z450
2010,suzuki,DR-Z400S
2010,suzuki,DR650SE
2010,suzuki,DR-Z125
2010,suzuki,RMX450
2010,suzuki,DL650
2010,suzuki,GSX-R600
2010,suzuki,GSX-R750
2010,suzuki,GSX1250FA
2010,suzuki,GS500(GS500H)/GS500F(GS500FH)
2010,suzuki,GSX650FA
2010,suzuki,LS650
2010,suzuki,SFV650
2010,suzuki,SFV650A
2010,suzuki,TU250X
2010,suzuki,VZ1500
2010,suzuki,VL800/VL800C/VL800T
2010,suzuki,VZR1800/VZR1800Z
2010,suzuki,AN400A
2010,suzuki,AN650
2010,suzuki,AN650AL
2010,suzuki,UZ125C
2010,suzuki,GSX-R1000
2010,suzuki,LT-Z50
2010,suzuki,SV650A/SV650SA
2010,suzuki,VZ800
2010,suzuki,VZR1800
2010,suzuki,LT-Z250K
2010,suzuki,GSF1200
2010,suzuki,GSF1200S/GSF1200SZ
2010,suzuki,QUV620F
2010,suzuki,VL800/VL800T/VL800Z
2010,suzuki,LT-V700F
2010,suzuki,GS500FK
2010,suzuki,GSX-R600K
2010,suzuki,GSX-R750K
2010,suzuki,GSX-R1000K
2010,suzuki,DL650K
2010,suzuki,DL1000K
2010,suzuki,AN400K
2010,suzuki,AN650K
2010,suzuki,DR-Z125K
2010,suzuki,DR-Z125LK
2010,suzuki,DR-Z400EK
2010,suzuki,RM85K
2010,suzuki,RM85LK
2010,suzuki,LT160K
2010,suzuki,LT-F250K
2010,suzuki,LT-F400K
2010,suzuki,LT-A400K
2010,suzuki,LT-F400FK
2010,suzuki,LT-A400FK
2010,suzuki,LT-Z400K
2010,suzuki,LT-F500FK
2010,suzuki,LT-A500FK
2010,suzuki,RM60K
2010,suzuki,RM65K
2010,suzuki,RM100K
2010,suzuki,DR-Z110K
2010,suzuki,RM-Z250K
2010,suzuki,VZ1600K
2010,suzuki,SV650K/SV650SK
2010,suzuki,SV1000K / SV1000SK
2010,suzuki,RM80
2010,suzuki,DS80
2010,suzuki,DR350
2010,suzuki,GN125E
2010,suzuki,RMX250
2010,suzuki,LT-F4WDX
2010,suzuki,LT-A750 / King Quad 750 AXi
2010,lexus,GS
2010,lexus,LS
2010,lexus,SC
2010,lexus,IS
2010,lexus,LX
2010,lexus,RX
2010,lexus,GX
2010,lexus,ES
2010,lexus,HS
2010,subaru,Legacy
2010,subaru,Outback
2010,subaru,Forester
2010,subaru,Impreza
2010,subaru,B9 Tribeca
2010,maybach,62
2010,maybach,57
2010,pontiac,Vibe
2010,pontiac,G5
2010,pontiac,Solstice
2010,pontiac,G6
2010,pontiac,G8
2010,pontiac,G3
2010,pontiac,Matiz
2010,morgan,Dave Morgan Trailers
2010,morgan,Debra H Morgan Co Trailer
2010,morgan,Roadster
2010,morgan,Aero8
2010,morgan,Morgan Motor
2010,morgan,Morgan Industries Inc
2010,morgan,Morgan Machine
2010,morgan,Morgan Trailers
2010,isuzu,NPR/NPR-HD
2010,isuzu,NQR/NRR
2010,isuzu,NQR/NRR
2010,isuzu,T6F
2010,isuzu,T6F
2010,isuzu,T7F
2010,isuzu,T7F
2010,isuzu,T8F
2010,isuzu,T8F
2010,isuzu,NPR
2010,isuzu,NPR
2010,triumph,Trophy
2010,triumph,Daytona 675 R
2010,triumph,Trident
2010,triumph,Sprint
2010,triumph,Tiger
2010,triumph,Legend
2010,triumph,Adventurer
2010,triumph,Thunderbird
2010,triumph,Speed Four
2010,triumph,America
2010,triumph,Bonneville
2010,triumph,SpeedMaster
2010,triumph,Scrambler
2010,triumph,Thruxton
2010,triumph,Rocket III
2010,triumph,Street Triple
2010,triumph,TT600
2010,triumph,Street Twin
2010,triumph,Street Cup
2010,triumph,Explorer
2010,triumph,Speed Triple
2010,triumph,Daytona
2010,saab,9-3
2010,saab,9-5
2010,porsche,911
2010,porsche,Boxster
2010,porsche,Cayenne
2010,porsche,Cayman
2010,porsche,Panamera
2010,ferrari,612 Scaglietti
2010,ferrari,599 GTB Fiorano
2010,ferrari,F12 Berlinetta
2010,ferrari,California T
2010,ferrari,FF
2010,ferrari,La Ferrari
2010,ferrari,458 Italia
2010,ferrari,458 Speciale
2010,ferrari,458 Speciale Spider
2010,ferrari,458 Spider
2010,ferrari,California
2010,ferrari,599 GTO
2010,creative coachworks,Baron Automobile Line
2010,ac propulsion,eBox
2010,ac propulsion,tZero
2010,daihatsu,Charade
2010,daihatsu,Rocky
2010,falcon,F-7
2010,falcon,Falcon Engineering & Mfg Co.
2010,falcon,Falcon Road Maintenance Equipment
2010,falcon,Falcon Trailers
2010,falcon,Falcon Trailerworks
2010,ev innovations,2 Door Wave
2010,ev innovations,4 Door Wave
2010,ev innovations,2 Door Inizio Sports Car
2010,ev innovations,2 Door Wave Truck
2010,ev innovations,4 Door Wave Truck
2010,ev innovations,Motorcycle Wave
2010,ev innovations,Custom Vehicle
2010,ev innovations,Chopper
2010,ev innovations,Liv Wise
2010,saturn,Sky
2010,saturn,Aura
2010,saturn,Vue
2010,saturn,Outlook
2010,faw jiaxing happy messenger,Faw Jianxing Happy Messenger
2010,american motors,Delaware American Motors LLC
2010,geo,505
2010,geo,405
2010,geo,Speedfight2
2010,geo,Vivacity
2010,geo,Looxor
2010,geo,Trekker
2010,geo,Superior Trailers of Georgia
2010,geo,"West Georgia Mobile Hydraulic, Inc."
2010,formula 1 street com,F1S
2010,formula 1 street com,FXS
2010,aas,Trophy Edition
2010,aas,Sport Edition
2010,aas,Performance Edition
2010,aas,Race Edition
2010,aas,Euro Edition
2010,aas,Gt Malan
2010,aas,Cary Faas Racing dba Cfrinc
2010,electric mobile cars,Electric Mobile Cars
2010,avera motors,Open Top
2010,avera motors,Crossover
2010,avera motors,Coupe
2010,avera motors,Roadster
2010,bakkura mobility,Bakkura Mobility
2010,th!nk,City
2010,coda,CODA
2010,koenigsegg,One:1
2010,koenigsegg,Agera
2010,koenigsegg,Regera
2010,kandi,Single-row Passenger Cab
2010,kandi,Double-row Passenger Cab
2010,kandi,KD08
2010,kandi,Closed Body
2010,kandi,Convertible Vehicles
2010,making you mobile,Mizer G4
2010,mclaren,MP4-12C
2010,mclaren,P1
2010,mclaren,625C
2010,mclaren,650S
2010,mclaren,675LT
2010,mclaren,540C
2010,mclaren,570S
2010,mclaren,570GT
2010,mclaren,Luggage Trailer
2010,mycar,CV .2
